orderid,price,ordertype,note,guestid,date
1,579,onsite,jyola  ttah pa,147,2023-09-09
2,291,onsite,ettdo  cgce mh,179,2024-09-08
3,106,delivery,xoycp  djnt ko,394,2023-05-03
4,732,onsite,ykryv  jksa wx,283,2023-03-05
5,840,onsite,vkqaf  mbpp gx,120,2023-11-26
6,398,delivery,pqwoh  fhdb pk,435,2023-11-09
7,968,onsite,irgxo  wntq zz,403,2023-10-15
8,584,delivery,mkktb  fzli ki,327,2023-04-04
9,176,delivery,adjjd  ysnb pq,66,2024-11-20
10,552,delivery,bexwm  fftg zc,412,2023-01-01
11,743,onsite,uctpg  uwiy rc,381,2023-05-02
12,992,delivery,bihnv  qhjl we,445,2024-06-05
13,590,onsite,vmtct  fnjv gg,336,2023-09-24
14,135,delivery,jxpky  ejgu cy,408,2023-01-05
15,942,delivery,eemcp  izqe vz,29,2023-03-30
16,395,delivery,eyufn  gjgk uh,223,2023-12-31
17,752,delivery,xhkrm  phkp go,26,2023-01-19
18,930,delivery,mdvxz  ojft rg,343,2024-05-11
19,992,delivery,exadr  idlw mc,136,2023-10-07
20,284,delivery,zucem  vhjj sv,321,2024-02-10
21,215,delivery,idfnj  vygw wu,1,2023-04-17
22,640,onsite,cvhtg  tezs zu,80,2023-08-11
23,926,delivery,ehmzh  ahug ab,34,2024-04-18
24,189,onsite,zsuje  brxm nv,411,2024-11-20
25,683,delivery,bigds  fazm af,266,2023-01-23
26,706,onsite,ujywl  jwwn vo,189,2023-05-06
27,485,delivery,fkkef  gdqx qe,274,2023-10-30
28,725,delivery,rqpjt  xfqk im,9,2023-09-08
29,148,delivery,quqgd  qylj tu,209,2024-10-12
30,115,delivery,ijfoh  nlpf rz,276,2023-10-05
31,691,delivery,dtkrr  mkvd kr,426,2024-02-25
32,883,onsite,nqflf  mvbm gi,442,2024-06-07
33,299,delivery,ebjri  zrir xv,440,2024-01-26
34,610,delivery,cselh  jmmf uc,462,2023-01-20
35,625,delivery,vwwfa  xqld tz,374,2024-01-07
36,274,delivery,qnknt  tywc ro,460,2023-12-15
37,357,delivery,jnvbd  xsbu ce,247,2023-06-04
38,272,delivery,fzgcd  xdvb hi,333,2024-04-15
39,639,delivery,pbaux  fjxu du,226,2024-10-09
40,866,delivery,eyzxd  qjqe bc,445,2022-12-06
41,821,delivery,dvflk  vbgz oj,178,2023-06-05
42,587,delivery,dlnua  vavs pd,342,2024-09-12
43,186,onsite,cpnia  wejp zx,484,2023-04-15
44,230,delivery,yqdoa  jhto ok,199,2023-04-21
45,628,onsite,sytpj  avgx bc,39,2024-09-29
46,766,onsite,qppbu  zvao ve,186,2024-02-19
47,657,onsite,izkrz  rsxw ef,2,2023-10-30
48,571,onsite,rubax  lqtf vh,162,2024-03-28
49,309,onsite,stczo  iula zz,317,2024-02-05
50,908,delivery,yzrou  bsxi gw,18,2024-02-18
51,795,onsite,vkigz  lqwr pm,44,2023-10-30
52,590,onsite,otqua  inmu lm,294,2024-05-18
53,163,onsite,zmvtw  frxf ce,300,2024-08-27
54,797,onsite,wzjre  wqcv xz,7,2022-12-21
55,478,onsite,egytu  izau vt,130,2024-07-04
56,666,delivery,dzmar  fuxb kz,178,2024-09-11
57,812,onsite,vloxz  lfxp wb,449,2024-05-02
58,148,onsite,upzkb  ysou no,102,2024-02-16
59,749,onsite,vgbsz  axit qt,453,2024-10-17
60,888,delivery,ywnva  mprp tj,398,2024-02-23
61,838,onsite,bhlur  ibga sm,175,2024-03-28
62,918,onsite,hdccd  svxs et,336,2023-01-14
63,100,onsite,bosqp  rwoi wd,305,2024-10-23
64,156,delivery,iamig  dkmw vf,351,2024-10-20
65,631,onsite,auozj  kxgy rv,311,2024-02-15
66,690,delivery,pwwom  qvuv qo,212,2022-12-19
67,309,onsite,jvrfd  abzq rv,423,2024-09-23
68,936,onsite,vqfcq  frad vt,225,2024-08-17
69,696,onsite,tfqal  wzis ip,193,2024-03-11
70,125,delivery,wtide  ghxc jp,209,2023-01-02
71,242,delivery,ntnxa  hrmw xu,253,2024-10-27
72,304,delivery,jhthk  fwzo bw,208,2023-02-25
73,7,onsite,ifacm  eofp pn,13,2024-07-05
74,774,delivery,bnjpp  bcqk wh,111,2023-01-01
75,13,delivery,pxdcl  vfoj cg,450,2024-09-05
76,214,onsite,enclk  ontw fz,120,2023-06-15
77,999,delivery,axsft  gnzp jb,278,2023-01-21
78,479,delivery,zsbix  tmbc dl,361,2024-06-10
79,805,delivery,azfwe  aoyu zq,137,2024-09-26
80,19,delivery,qlmco  jjfd ig,116,2023-10-28
81,657,delivery,pnync  bnqj xz,180,2023-12-08
82,388,onsite,uvxzi  lfue dj,305,2023-06-30
83,912,onsite,rtdcr  qcsy pr,188,2024-05-28
84,108,delivery,qymbx  jtax eg,369,2023-09-26
85,927,delivery,xxvqr  rwfu ow,488,2024-05-03
86,178,onsite,fjrij  ajqm zl,415,2024-03-31
87,795,delivery,pqiru  pwdz uz,460,2024-11-04
88,165,onsite,hdoac  kxuy tg,362,2024-02-18
89,771,onsite,neqdp  lyxg rc,277,2023-06-16
90,762,onsite,zpxqm  jzyh lt,295,2023-01-19
91,265,onsite,lcrmf  kgzu jc,46,2023-02-10
92,527,delivery,xwjwn  hotz tt,16,2024-07-30
93,324,onsite,dherr  iupc cv,105,2023-10-06
94,394,delivery,wovuw  fhhd ka,306,2023-03-18
95,297,onsite,iescb  iple vs,61,2023-01-05
96,386,onsite,cbwzs  kwog ki,119,2024-09-09
97,369,onsite,jtiqf  fqwv ii,131,2023-12-12
98,770,delivery,uqcxs  zwjk qk,309,2022-12-20
99,623,delivery,ashim  kvlu se,230,2024-09-16
100,936,delivery,oblef  ayhn hl,451,2024-07-03
101,496,delivery,qosyd  fxwk kd,464,2024-03-15
102,751,onsite,zmqav  drec gp,238,2024-08-23
103,656,delivery,iftuc  euvv wd,275,2023-07-15
104,978,onsite,nbhea  jfoe xu,177,2023-11-15
105,55,onsite,ealst  gtor bn,403,2023-12-27
106,126,onsite,noefc  lqck dg,490,2024-06-01
107,537,onsite,pnqcl  glbv xs,265,2023-04-13
108,996,onsite,zicly  fzpu zv,246,2022-12-26
109,583,delivery,umcdy  xewa tg,149,2024-06-26
110,494,delivery,vdyti  skpr le,397,2024-07-16
111,943,onsite,utbsi  lafz ok,43,2023-11-15
112,639,onsite,patpf  gnlh zn,91,2023-08-19
113,122,delivery,bbvrp  lmvy wy,229,2024-08-21
114,614,delivery,hqlic  gmdh iz,489,2023-05-07
115,51,onsite,lzrro  wjey ls,67,2024-04-10
116,8,delivery,hhvfx  awos fc,161,2024-07-21
117,702,onsite,wkggj  rcwa ki,77,2024-08-22
118,138,onsite,dmvfc  gaws ac,185,2024-04-21
119,575,delivery,mshcr  gmry dq,451,2022-12-31
120,326,delivery,bfant  rvxo ib,28,2024-02-28
121,748,onsite,kilgb  yekb an,138,2023-01-19
122,628,onsite,mcnpb  demm py,295,2023-06-03
123,822,onsite,cnqcf  gsmg az,349,2023-05-27
124,755,delivery,jaxtn  ajky ho,281,2023-01-31
125,956,delivery,zewmm  aorp ca,335,2023-07-04
126,953,onsite,glhfd  zuia vk,192,2024-01-29
127,251,delivery,oewdy  xuma bd,421,2023-04-10
128,134,onsite,rwzlv  xaqk wz,161,2024-07-15
129,859,onsite,kqsel  myyq as,175,2024-10-23
130,784,onsite,nwaqw  pzdr fo,174,2023-01-01
131,44,onsite,bjzdz  znvt kv,22,2024-11-25
132,71,delivery,napsi  nvco xc,339,2023-02-10
133,926,onsite,ldwdy  esne jl,202,2024-07-12
134,390,onsite,cuvcn  swxh fw,449,2024-09-19
135,263,onsite,zxwll  hgoi qs,59,2024-01-24
136,860,delivery,akfnf  zxfd is,137,2024-03-04
137,729,delivery,raayr  idvv hz,120,2023-06-28
138,354,delivery,hirmj  ffuf ck,45,2023-06-10
139,116,delivery,bskom  amus hn,60,2023-05-23
140,804,delivery,rtblo  chcj ti,194,2024-10-13
141,634,onsite,revnr  fxwn ex,76,2024-01-24
142,355,onsite,aamyt  mpys th,286,2024-09-06
143,625,onsite,eorwq  lxbi ei,139,2023-05-03
144,937,delivery,ezzgd  kbsf tn,490,2024-03-24
145,717,onsite,ueihs  kfnw nh,180,2023-03-30
146,131,onsite,pllif  sbkh dj,307,2024-04-18
147,683,delivery,skmmf  ujxv ik,69,2024-01-16
148,523,onsite,opilr  jhqb nq,419,2023-03-07
149,910,delivery,dathg  kacv at,214,2023-07-18
150,29,delivery,auxvl  uakg kv,291,2023-06-18
151,254,delivery,ivyga  kawj tt,109,2023-05-25
152,67,onsite,kkals  fqbj py,136,2024-03-26
153,338,delivery,bgvia  ajyv ox,166,2023-11-30
154,338,delivery,apiss  gmkk bd,56,2023-12-16
155,797,delivery,gmhlz  xcdf wy,338,2024-03-04
156,765,onsite,xcnre  tljr bt,368,2024-03-10
157,335,onsite,fachw  mctl cc,57,2023-12-09
158,404,onsite,fyezq  fjvi cb,123,2023-05-20
159,224,delivery,tfszo  zalp mv,108,2023-10-25
160,566,delivery,junfy  iurk jq,355,2023-06-14
161,733,onsite,xhbaq  uoui lu,334,2024-01-07
162,784,onsite,cnbwl  rilz yo,349,2024-01-04
163,437,onsite,nsnnm  quqw ia,32,2023-06-26
164,444,onsite,iafkq  vilh kg,410,2024-05-03
165,376,onsite,nzudo  dwnv zv,133,2024-08-25
166,6,delivery,tdpzw  gwic wk,326,2023-08-22
167,938,delivery,jobnx  kmyt yx,234,2024-05-01
168,859,delivery,nplhz  bezq un,168,2023-01-22
169,390,delivery,srapg  njwv dw,71,2023-12-08
170,204,delivery,ruswq  semt yz,57,2024-09-29
171,186,onsite,gfgcl  myqa ak,75,2024-06-07
172,647,delivery,dwtpy  eyhv rm,231,2023-10-03
173,904,delivery,obnrp  zpou nr,388,2024-07-03
174,867,onsite,bosox  nepz hi,460,2023-05-28
175,246,onsite,aujqd  rosb xh,39,2023-10-08
176,602,delivery,txfpu  tdtj cj,272,2024-02-02
177,334,onsite,fpqty  rslf tm,336,2022-12-29
178,361,delivery,zdujm  xwxk ts,469,2023-03-25
179,700,onsite,ssccv  jdef cc,148,2023-01-10
180,776,onsite,xnhii  ejqh ow,353,2024-06-19
181,959,delivery,apcix  pvjn lr,423,2022-12-04
182,886,onsite,ynkxh  pkxc mz,191,2023-07-13
183,30,onsite,tigjt  hpib vp,432,2024-07-18
184,429,onsite,aqosv  pkna ry,352,2023-08-29
185,438,delivery,nxedm  yoon ks,190,2024-05-07
186,489,onsite,nssxu  emzn fm,264,2024-04-26
187,757,onsite,owogp  wyed np,401,2024-05-30
188,319,delivery,xmvzt  tolp zo,313,2024-08-18
189,885,delivery,vykvu  whia er,25,2024-06-07
190,767,onsite,pxzlm  fjcn jv,39,2023-05-22
191,629,delivery,oxrto  kutz dk,389,2024-05-31
192,992,delivery,odevs  fjii at,246,2024-03-05
193,24,delivery,wjnwa  dxgh dp,479,2023-04-22
194,741,onsite,qrtlu  hafw ve,402,2024-07-29
195,594,delivery,gyddv  ejqn hr,177,2023-08-21
196,142,delivery,gnzwb  xsut cd,191,2023-02-05
197,357,delivery,atxgu  lpfh xb,97,2024-03-13
198,945,onsite,qizap  izwm ax,400,2024-05-11
199,395,onsite,wsuen  ksnb pp,107,2023-05-28
200,376,onsite,lvqzb  fsvv wu,46,2024-08-11
201,12,delivery,srztc  bkfp wq,273,2023-04-14
202,279,onsite,epstw  leez wb,159,2023-03-19
203,16,onsite,yztjc  cfbp kz,481,2023-02-27
204,293,onsite,bvpfa  caoe os,409,2024-04-22
205,924,onsite,thwan  jnpf cl,217,2024-10-01
206,328,onsite,ccsrw  xwvo we,419,2024-06-11
207,596,onsite,swtvr  dtjx un,196,2024-11-11
208,173,delivery,gqyjb  eqkh lz,250,2023-09-23
209,895,onsite,rbysf  fqnt cu,120,2023-12-02
210,76,onsite,dyyfh  noey el,251,2023-01-05
211,832,delivery,yzpon  cmwp fp,310,2023-01-15
212,90,delivery,uhglt  grgm bm,62,2024-07-25
213,408,onsite,bmgjt  awqf zk,274,2023-08-25
214,344,onsite,tlwvc  lkyu ea,63,2023-11-24
215,556,delivery,ntaka  kzki mf,114,2023-06-01
216,175,onsite,jbniw  zetm te,18,2023-03-13
217,657,onsite,lmhge  lxcm dl,54,2023-12-20
218,289,onsite,ojtwm  utqc hg,47,2023-08-02
219,727,onsite,ogudi  sktl nb,395,2024-05-12
220,553,delivery,xvqyl  uyed ir,281,2023-10-13
221,336,onsite,uxvfa  mkra ei,73,2024-09-14
222,362,delivery,fsffp  vdny ne,252,2024-01-26
223,445,delivery,myiqg  jmpx ox,188,2024-01-15
224,515,delivery,qaajy  bvag ty,254,2024-03-11
225,24,delivery,oonnx  nzhn jn,358,2024-03-23
226,540,delivery,kgjof  derl lm,312,2023-03-22
227,791,delivery,gyxis  kxsn yr,7,2023-09-25
228,66,onsite,iiiyh  auwz pi,147,2023-11-20
229,886,onsite,uanar  rnnw ng,255,2024-11-01
230,355,onsite,vtkpp  whji ot,305,2023-03-04
231,542,onsite,hzjjn  njdq pi,257,2024-08-24
232,524,delivery,ompla  rseg nl,157,2024-11-17
233,318,delivery,vglvj  vole bf,205,2024-09-06
234,555,onsite,xsixm  fyzo dj,447,2023-01-30
235,990,onsite,hxhoi  hjzk bf,360,2023-01-23
236,463,delivery,cdxsv  nyuv le,46,2024-08-23
237,574,delivery,ktpyf  oppd pp,193,2023-09-26
238,551,delivery,xyrjy  jzgy mn,353,2024-01-13
239,112,onsite,jminf  zygb kf,58,2024-01-14
240,264,onsite,eebfy  gikm vg,57,2023-06-04
241,385,delivery,wfnlz  uenh er,295,2023-04-26
242,527,onsite,nsbwh  hrix om,91,2023-05-28
243,845,delivery,thvan  bznx fi,456,2023-05-09
244,403,delivery,pnedu  baph fr,414,2022-12-18
245,134,delivery,gxkmg  tvyd pv,219,2024-05-06
246,1000,onsite,dfcjl  plfn ky,245,2024-08-10
247,944,delivery,yglnj  jwhx dt,461,2023-12-30
248,831,onsite,pfqgy  jctr bs,301,2023-08-05
249,786,delivery,tosqv  gemq wk,345,2023-10-21
250,603,onsite,jvdmm  jgim lr,478,2024-08-17
251,173,delivery,awtze  avex dx,446,2022-12-24
252,79,onsite,bnkgn  mxbl ns,87,2024-10-03
253,30,delivery,jmmqe  gmzx wo,27,2023-04-09
254,486,onsite,xgcyf  lqoi dk,386,2024-07-21
255,475,delivery,vzuqx  fcfs ii,396,2023-04-03
256,614,delivery,hompi  nxre cq,280,2024-05-01
257,845,delivery,otoze  vfqq hu,85,2023-10-11
258,934,onsite,devov  tlow ej,39,2024-08-22
259,956,delivery,jkqdh  eqmb vd,340,2023-08-08
260,163,onsite,lczzj  lrjk nw,356,2023-12-21
261,865,delivery,tmvit  acqr iv,387,2023-12-06
262,355,onsite,yszrw  xapp ij,447,2024-11-13
263,842,delivery,ulmto  gzuf xo,296,2022-12-06
264,768,onsite,extdz  qndz tg,429,2024-02-16
265,144,onsite,dmdoq  jvds qq,465,2024-05-08
266,291,delivery,zblhc  nsmf nl,338,2023-10-15
267,760,delivery,vfcff  cjxd le,399,2022-12-29
268,189,onsite,wcrrd  uoxt sf,40,2023-04-04
269,250,delivery,hwtds  qfab zc,328,2022-12-19
270,5,delivery,vnsas  ltkb su,431,2024-05-17
271,796,delivery,nnqsq  jaax to,10,2023-02-10
272,884,delivery,nwula  sjrw ua,7,2022-12-09
273,59,delivery,dkqro  gjzg la,369,2024-07-31
274,895,onsite,bgzzt  buad cx,87,2023-06-02
275,513,onsite,oujfv  rhuf ee,75,2023-05-16
276,121,onsite,cwklh  cbxx vc,166,2024-01-13
277,737,delivery,wbvvu  nrwz bj,59,2023-09-11
278,713,onsite,vkjaj  dswv bo,482,2024-01-22
279,908,delivery,vwltj  gouz kz,217,2024-02-08
280,406,delivery,zosyu  uipd lz,330,2024-11-29
281,284,onsite,dokor  knpm gs,99,2024-05-07
282,90,onsite,upgoa  rsjk tk,143,2023-02-13
283,996,onsite,ghlwf  xxkr lc,235,2023-01-26
284,798,onsite,kdcyi  iwxx fq,89,2023-05-21
285,136,onsite,iddio  dzhr iu,104,2023-04-30
286,271,onsite,bnivh  wruc mm,250,2023-08-15
287,813,delivery,cdhkv  aaxy co,48,2023-05-24
288,57,delivery,nrwti  tmmo ny,224,2024-04-13
289,399,onsite,jmltp  qgdh hi,356,2023-05-07
290,155,delivery,hfmmn  ygvf by,212,2023-12-29
291,796,onsite,aauym  vqbl kw,321,2024-08-15
292,887,onsite,qajvx  troy sw,304,2023-08-28
293,398,onsite,uiprq  alzt uv,497,2024-03-30
294,492,delivery,yinto  rrxp yf,444,2023-07-19
295,257,onsite,znolm  znkp gn,302,2023-11-23
296,707,onsite,joaxn  ycqf md,14,2023-02-02
297,253,delivery,ncncu  uocl sv,121,2024-08-31
298,420,onsite,vkjvu  qrdd hd,139,2024-05-25
299,598,onsite,pulhe  mlxk gs,142,2024-02-11
300,558,onsite,itkqw  rkrj ci,351,2023-11-21
301,541,delivery,yuoxr  arvn ls,380,2024-01-16
302,393,delivery,ayotj  segn uy,30,2024-03-25
303,110,onsite,vtqka  fyaf ru,207,2023-07-01
304,260,delivery,mgfoh  aalb yc,137,2024-08-12
305,944,onsite,plebb  rhrx ta,236,2023-11-16
306,721,delivery,nabqt  jfwj hx,462,2023-07-19
307,402,onsite,ujxfc  rfnv dd,232,2023-12-14
308,372,onsite,pifgy  skwu fi,277,2023-01-21
309,730,delivery,vtxwh  qzkt hy,124,2024-03-19
310,562,delivery,jjbtp  uxom fz,81,2023-03-09
311,64,onsite,hqovc  otmg np,344,2023-07-24
312,620,onsite,utnig  dqqf yc,303,2024-09-06
313,389,onsite,zmukc  sqmz kx,161,2024-05-02
314,152,onsite,umoql  xkfz bb,133,2024-03-24
315,458,onsite,spmpy  xucp fa,361,2024-06-19
316,451,delivery,pxiuv  yhwn ci,425,2023-03-31
317,623,onsite,gfpyl  jeer ek,254,2023-12-25
318,418,onsite,yinaz  hvuh sk,486,2023-06-04
319,605,onsite,dhvsu  vxam xy,410,2023-01-06
320,548,delivery,uoote  hvxy uw,188,2024-11-12
321,310,delivery,recgl  efjb si,396,2023-02-17
322,969,delivery,vubho  ogvu mj,483,2024-08-29
323,291,delivery,bgskl  ydnq zv,134,2022-12-12
324,716,onsite,zlraf  jmob tx,338,2023-04-16
325,254,onsite,cjuua  leil it,214,2024-07-28
326,91,onsite,bunos  gfry ep,367,2024-07-10
327,791,delivery,wfrjq  flqw xo,94,2023-06-08
328,824,onsite,pwbgw  xhmk hq,19,2023-11-10
329,958,delivery,onymv  hbfq pq,136,2024-08-27
330,829,delivery,zlcwa  afnh eg,327,2024-08-15
331,221,onsite,cizqn  vumm um,37,2024-03-23
332,984,delivery,mtbie  owle yr,299,2024-12-03
333,970,delivery,iunon  ojky gt,178,2023-02-07
334,673,delivery,oawab  wcpl dg,190,2023-04-05
335,227,delivery,jtxub  cxto ai,477,2024-04-21
336,161,delivery,lywep  jstb do,471,2024-10-05
337,620,delivery,hyqym  lubq ep,128,2024-09-06
338,924,onsite,kjxfh  uelv dn,24,2023-05-07
339,347,onsite,pbgrt  xogx cx,261,2023-12-06
340,745,delivery,avmwv  uwpc mi,10,2023-01-11
341,89,onsite,ldpki  ezym gs,366,2023-01-27
342,758,onsite,kyoht  unem fo,146,2024-10-03
343,685,onsite,pjjxo  ahbh ni,17,2023-08-23
344,276,delivery,httnv  mvbr re,149,2023-01-07
345,965,delivery,atltc  modd wf,487,2023-07-19
346,229,delivery,uhmqe  wskh li,486,2023-11-03
347,553,onsite,bdfen  gkup qj,415,2024-09-25
348,194,delivery,ommsq  lvex gx,47,2024-02-02
349,741,onsite,naqfe  utbs lu,9,2024-06-01
350,262,delivery,qgmsb  txng hm,57,2024-05-09
351,290,onsite,yfjli  rxbd dp,267,2023-09-07
352,743,onsite,hfznu  uyuc ol,365,2023-05-01
353,775,delivery,muxjq  xagn vt,206,2023-10-29
354,774,delivery,akrtr  kqcr xm,309,2024-01-15
355,839,delivery,kumyf  aehy fb,161,2023-01-31
356,300,delivery,ibgyg  xqdz ii,460,2023-03-20
357,704,onsite,ubzgy  sflq tk,417,2024-10-24
358,414,onsite,mczjk  pgau ao,454,2023-10-30
359,148,delivery,wuzio  itki vk,145,2023-06-10
360,989,onsite,rkrlm  dpuq xq,319,2024-05-31
361,602,delivery,lgska  tjmv sg,182,2024-11-15
362,614,delivery,winwo  iwks jt,484,2024-01-04
363,955,onsite,rrorx  oioj oa,461,2023-10-31
364,505,onsite,vzvaj  mxxh vx,390,2023-05-12
365,403,delivery,gtirh  ybmm ui,448,2024-07-28
366,757,delivery,atafu  medx yo,152,2023-10-17
367,749,delivery,nfkpm  tygs he,172,2024-05-08
368,684,onsite,xexvo  ioxr nu,416,2023-08-08
369,882,onsite,nsuhc  ojfn zv,287,2023-02-13
370,737,delivery,yaryl  mlqs fq,441,2023-11-18
371,906,delivery,yfxtq  nmva jr,427,2023-06-25
372,462,onsite,ozmds  ltjd rb,179,2023-10-11
373,957,onsite,kkilt  xxbd mv,227,2024-03-11
374,46,delivery,nqeqx  myed qc,85,2024-07-24
375,77,delivery,jdafb  npoy ov,307,2023-09-10
376,763,onsite,gwutg  jtrx vr,208,2023-06-06
377,824,onsite,eipwq  sdnx mq,361,2023-01-09
378,160,onsite,yppxk  lkjg ym,148,2024-08-19
379,525,delivery,yjwir  ddka wq,268,2023-04-17
380,821,delivery,ijblt  cimk ki,441,2024-01-14
381,967,delivery,mxjaw  rqpt bv,81,2023-10-03
382,423,delivery,octpe  goit qt,72,2023-12-04
383,376,delivery,apnmk  drzo nv,393,2023-06-18
384,733,delivery,msxwd  oxao am,308,2023-07-10
385,641,delivery,otijs  xdzd wy,271,2023-01-06
386,824,onsite,zsmkj  zsjw ld,153,2024-04-14
387,824,onsite,xtyhx  kesd tz,8,2024-04-12
388,852,onsite,jdkil  ugvq dk,313,2024-04-30
389,665,onsite,jnncg  zecj bc,382,2023-05-14
390,733,onsite,jbead  bmqy rm,487,2023-08-07
391,858,onsite,rcecv  fhyc dl,192,2024-11-02
392,341,onsite,adsgc  iava ct,300,2024-04-10
393,276,delivery,clqwo  ahqm et,9,2024-01-08
394,62,delivery,jfdpf  woea my,90,2024-02-28
395,307,delivery,odexb  knkb os,224,2023-09-06
396,905,delivery,cdxmm  wkep zm,255,2024-03-22
397,606,delivery,czdjd  gssg bu,495,2024-02-24
398,9,delivery,lzxwl  djen sm,15,2024-11-24
399,469,onsite,aqijw  ilda wg,344,2023-10-22
400,407,onsite,uyfsn  ongb wz,156,2023-08-24
401,54,onsite,ruxqb  hzub jf,458,2022-12-27
402,733,delivery,ubyzh  kbnj et,102,2023-07-13
403,177,onsite,ktsir  xyes ca,434,2023-04-25
404,686,onsite,thwmc  vxsl td,324,2023-08-30
405,733,onsite,uixjz  omuw sh,42,2024-06-23
406,168,delivery,auaye  orxo ss,436,2023-09-11
407,979,onsite,wlltp  xahf xc,129,2024-10-07
408,92,onsite,xrvbp  mdea dn,82,2024-07-19
409,109,delivery,dxcbw  ndci uh,410,2024-10-12
410,362,delivery,tamvd  vhem xr,347,2023-05-14
411,557,delivery,pbrbe  wflg re,433,2023-03-14
412,685,delivery,rpgul  jlwi kh,401,2023-04-01
413,892,delivery,lzgrx  axke pq,495,2023-10-20
414,281,onsite,carjz  adth hz,397,2024-10-25
415,641,onsite,wfhqx  lshz fb,30,2023-10-27
416,930,onsite,rzhdz  nqlq uk,440,2024-03-18
417,13,delivery,ekybz  dgwu or,293,2023-08-01
418,80,onsite,rdzml  qskz bm,326,2024-04-06
419,373,delivery,uaykk  kgmd bi,39,2024-02-07
420,131,onsite,wbver  jczq uz,199,2023-10-25
421,79,onsite,qwqai  bbpw if,7,2023-03-29
422,14,onsite,hiwmy  oehi pb,370,2024-10-05
423,243,onsite,antbi  ahjs us,18,2024-06-01
424,629,delivery,vvimw  pkax dg,480,2024-04-22
425,207,onsite,pfqij  vesz xo,306,2024-04-20
426,100,delivery,nkcwd  sofg qj,60,2023-11-29
427,80,onsite,ngxyg  qjoz rd,441,2024-07-27
428,528,delivery,dqhjl  kpdj wz,371,2023-05-10
429,795,onsite,joajm  micy ax,430,2023-11-19
430,614,delivery,xhkap  jirn nh,279,2024-03-19
431,415,onsite,xnnet  jcuc zl,118,2023-12-19
432,822,onsite,ybwss  gvfa pt,90,2023-11-21
433,5,delivery,ipfvn  eher an,448,2024-03-18
434,743,delivery,quyrq  euyo fq,59,2024-11-20
435,147,delivery,bjgei  htrs bt,240,2023-01-11
436,917,delivery,tuprw  kxcj pf,498,2024-08-31
437,835,delivery,zyfoe  lxbb ks,196,2023-07-10
438,468,onsite,ppzhw  qdkf xr,204,2023-03-19
439,653,onsite,bxjoa  kakj fq,243,2024-08-21
440,114,delivery,lugxu  jurj wh,61,2023-02-19
441,187,onsite,ysygj  ngba qg,400,2024-08-22
442,232,onsite,tntnq  usdv qp,239,2024-03-31
443,37,onsite,kbaqf  lggg ou,149,2023-08-10
444,118,delivery,nnigp  snht qd,416,2023-11-01
445,140,onsite,meqyt  sugk pl,278,2023-02-04
446,889,onsite,djtnh  cqsq xd,349,2023-09-20
447,831,onsite,wwcop  aamd ji,27,2023-10-28
448,953,onsite,hpvvc  edzg an,279,2023-03-18
449,40,delivery,xfbso  mezb rw,167,2023-10-17
450,349,delivery,uisxs  cizy ff,426,2023-09-26
451,360,delivery,djxpi  ancw ie,423,2023-11-23
452,168,onsite,evyyj  kstl pk,441,2023-07-09
453,518,onsite,gbmgc  ceuz qy,146,2023-11-07
454,854,delivery,nqjke  iagl hu,311,2023-10-17
455,275,delivery,hkvpi  ysna hy,70,2024-04-25
456,392,onsite,hckaa  cqyz db,317,2023-06-23
457,19,delivery,arglw  tbrz om,51,2023-06-28
458,337,onsite,ylrdw  awpv pk,100,2023-11-08
459,681,onsite,arerl  zrgl yo,374,2024-02-03
460,340,onsite,lmywy  oxtn na,201,2024-02-13
461,692,onsite,gqmns  oyba wz,259,2024-11-26
462,143,delivery,rmwin  csox wp,151,2024-10-30
463,231,delivery,zulus  zgeq dx,309,2023-07-07
464,689,delivery,sknyq  qvew wj,18,2023-04-20
465,255,delivery,vytkx  strs ta,382,2023-08-16
466,483,onsite,eyzli  qzjn sx,135,2024-07-04
467,810,delivery,hcyiy  tcty zy,150,2024-03-16
468,135,onsite,hgcsi  jnwd hc,182,2024-11-11
469,473,delivery,rqhin  mrlw ec,102,2022-12-23
470,77,delivery,gjpfh  lyfj rv,434,2024-11-13
471,423,delivery,vcrnm  odfk on,270,2023-07-20
472,455,onsite,ukesl  eqzd ok,184,2023-06-19
473,985,delivery,kqele  oznn mc,156,2024-09-03
474,901,delivery,nehpy  sxvg tr,390,2024-04-22
475,318,onsite,wjtcd  ttgc sl,264,2024-08-20
476,738,delivery,dzwjx  chqe ng,34,2022-12-20
477,349,onsite,boakc  qddk ur,258,2024-05-30
478,845,onsite,dvnvv  kgga ig,467,2024-10-09
479,700,onsite,stedx  asty ln,87,2024-05-08
480,222,onsite,uvoly  egjt sd,405,2023-05-07
481,613,delivery,rmtws  yuoh bn,343,2024-03-16
482,785,onsite,ytfpd  tzwh pb,79,2023-04-26
483,847,onsite,oemdi  lcxt tx,289,2024-07-18
484,150,onsite,hhivi  ktgd sf,77,2024-08-30
485,528,onsite,jjrcc  eppq kd,193,2023-03-23
486,639,onsite,kgygm  gpuy uw,21,2024-02-27
487,191,onsite,mzmlo  ueck wb,456,2024-03-18
488,605,delivery,egqfi  ctyu mr,2,2023-01-11
489,823,delivery,cldeu  wegv se,128,2024-06-21
490,857,delivery,qraoj  gizl uq,442,2022-12-22
491,491,onsite,aicsj  fknq sy,431,2024-05-12
492,220,delivery,hdkor  fkit if,30,2023-08-20
493,698,delivery,luhbc  sjjk ih,346,2024-11-06
494,28,delivery,lxamz  xzts rp,386,2024-08-14
495,616,onsite,cjhgj  gbiy ly,187,2023-12-22
496,1000,onsite,ycvty  qqad fm,60,2023-01-31
497,570,onsite,mqfhj  yzon ug,326,2023-11-05
498,413,delivery,cbzwr  mfer vh,210,2024-06-07
499,695,delivery,edjid  ulni ub,174,2023-05-20
500,348,onsite,zwckt  kdvk nj,436,2024-01-28
501,361,onsite,nltri  bnqx hl,44,2024-07-06
502,248,delivery,eucta  ohfa lw,365,2023-01-19
503,223,onsite,rkojk  xqsb vm,225,2023-07-17
504,973,delivery,ldwem  jovz jf,303,2023-04-23
505,345,delivery,kysks  cnbg bm,162,2024-11-19
506,436,delivery,ozpkd  xxwh ls,285,2023-01-15
507,413,delivery,oayjo  giyb ak,14,2024-10-05
508,171,delivery,iphdz  bliv sq,436,2024-01-31
509,267,onsite,hyspi  zscr bx,499,2024-07-14
510,648,delivery,zafqt  pude sh,399,2024-10-12
511,653,onsite,shpmz  fjqr el,301,2023-12-20
512,281,onsite,nobtb  fwam xh,479,2024-09-18
513,235,onsite,eezbn  ocun dn,418,2024-08-20
514,43,delivery,epbdz  gnnx mp,494,2022-12-22
515,532,onsite,afrtl  guzz gp,299,2024-10-15
516,66,delivery,fifup  icuf im,125,2023-06-14
517,5,onsite,bxpoe  fket rd,272,2023-07-01
518,240,delivery,wkzba  jfqu pk,149,2023-05-12
519,853,delivery,qxucv  swuy lk,342,2024-08-29
520,239,onsite,ufper  fdib dc,173,2023-12-27
521,78,onsite,swqsa  zaxn yi,476,2024-02-15
522,523,onsite,ocwmx  hxqr st,36,2023-09-01
523,747,onsite,slyyx  mhct hc,19,2024-10-12
524,764,delivery,udywx  lxxi pc,20,2023-09-02
525,73,delivery,oqigd  ivog tv,389,2024-09-05
526,828,delivery,tflnn  tkud cb,484,2024-05-11
527,737,onsite,nmhmj  ryus vc,374,2024-04-01
528,773,onsite,llmpl  oieg si,202,2023-07-18
529,667,delivery,oemzs  gmxm gm,429,2024-08-03
530,65,delivery,knxeh  cicx ql,121,2023-06-01
531,876,onsite,inptm  onwl ks,245,2024-05-01
532,378,onsite,rolrw  lqgu yb,247,2024-03-19
533,66,onsite,kcozh  zavv bt,318,2023-12-12
534,664,delivery,mcnmq  fftj ap,259,2024-05-02
535,695,delivery,lawdj  icht sv,464,2023-03-21
536,397,onsite,snzyk  itic qn,498,2023-04-19
537,643,delivery,mbvve  zugp ub,169,2024-01-28
538,894,delivery,wytyb  rnpa xv,83,2024-11-19
539,361,delivery,grftx  xqdg ru,106,2023-06-26
540,96,onsite,jpiwl  ddkk mp,315,2023-07-22
541,657,delivery,rgagf  maae ay,418,2024-08-28
542,462,delivery,yuokc  srbo hr,350,2023-06-18
543,927,onsite,gswin  jltj om,97,2023-05-14
544,283,onsite,pychy  zoco qr,471,2024-03-13
545,389,onsite,oqmkk  zckv gv,126,2023-05-02
546,404,delivery,hpsxo  zaph wn,383,2023-12-09
547,628,onsite,liwxq  lobh qm,198,2024-10-05
548,623,delivery,rnpex  oerw yo,77,2023-11-19
549,59,delivery,uyqht  phtj we,44,2023-01-14
550,41,onsite,kyjnh  dioy yd,337,2024-03-02
551,397,delivery,nhkch  qpgo wb,101,2024-08-23
552,499,onsite,szend  dhgl ft,200,2023-09-22
553,628,onsite,dpwjs  qnxk gi,67,2024-01-31
554,262,delivery,tncid  ncmo tg,420,2023-07-12
555,269,onsite,oboky  tmtl dw,265,2024-08-31
556,754,delivery,boycm  gsrw ue,108,2023-11-10
557,736,delivery,ugkps  zklo jm,333,2023-04-21
558,686,delivery,yryzc  ykvc ni,395,2024-11-25
559,314,onsite,ejrqk  hqyj pu,98,2024-11-29
560,882,onsite,pvaiz  fzmb xf,439,2024-09-18
561,360,delivery,uhxsp  mxlf xn,71,2023-12-22
562,353,onsite,gmoiy  lixl zc,160,2024-07-12
563,962,delivery,zxbej  eify cu,354,2023-05-31
564,885,onsite,kowxy  oslb jd,441,2023-01-20
565,821,onsite,tulll  pcph ei,437,2024-09-26
566,777,delivery,lqdbs  kvxn uc,174,2024-06-09
567,814,onsite,papyd  oldt tz,334,2023-02-01
568,114,delivery,avrqc  iehk ng,28,2023-10-14
569,106,onsite,ctxuw  zgcy sc,269,2023-11-13
570,400,onsite,xkaxm  eakd kx,250,2023-11-04
571,87,onsite,bfwhm  ylez cg,388,2024-05-17
572,614,onsite,mzfdq  zcxu sm,215,2023-10-14
573,150,onsite,xagqx  ddhh vd,198,2024-09-29
574,579,onsite,nfoiq  kofz rr,407,2023-08-02
575,617,delivery,xgxld  lksz wk,171,2022-12-10
576,671,onsite,dibtf  jxtw yn,30,2024-08-08
577,172,delivery,dczka  tupo bm,424,2024-11-20
578,670,delivery,kalid  jazl qg,295,2023-01-20
579,325,onsite,xeevt  ouqh fu,307,2024-02-28
580,745,delivery,yilnc  pylv sd,272,2023-04-12
581,413,onsite,ccwwu  oxfg ac,106,2024-07-05
582,851,onsite,lwicz  sthe pp,45,2023-08-12
583,782,delivery,uzhsa  unvs jo,341,2023-01-03
584,144,delivery,mrmcd  tyqs ax,263,2024-11-02
585,422,delivery,edjxy  gbwj ed,459,2023-07-15
586,600,onsite,nkzgl  ibok ur,438,2023-11-23
587,423,onsite,fnydk  juvx cy,408,2023-10-28
588,462,delivery,felqp  jgad dn,256,2024-03-28
589,242,onsite,mvfng  akpj af,500,2024-06-22
590,725,onsite,irmfk  xvqx yv,87,2024-05-21
591,507,delivery,ojcnu  bdfy pr,491,2023-08-08
592,604,delivery,vcuwv  atpv xu,261,2024-02-20
593,437,delivery,hgqki  npyq fd,262,2024-09-03
594,171,onsite,fyxgx  xgix oc,360,2024-02-17
595,582,delivery,vlsol  ujau dz,221,2023-05-15
596,563,onsite,gdgyv  qgig lq,254,2023-02-07
597,897,onsite,qizrr  jtal ik,74,2023-03-27
598,532,delivery,xefob  yngd ih,291,2023-05-19
599,282,delivery,edsia  extj ag,134,2024-10-11
600,85,onsite,ewdbv  xbdb bc,159,2024-01-13
601,290,delivery,chttv  thyo uq,28,2024-05-20
602,677,onsite,agrdk  mthh dw,63,2024-04-07
603,703,onsite,srlhr  osms mm,395,2024-12-01
604,979,onsite,pdaxo  rvvw kz,43,2023-01-14
605,885,onsite,fxyno  tklj ur,139,2023-08-26
606,465,onsite,mcjbg  ajeh tt,101,2023-09-19
607,47,onsite,kzqyk  ffwf fw,9,2023-04-10
608,442,delivery,yqnix  xbhc mb,280,2023-03-29
609,558,delivery,mrwvz  ngsu ip,374,2024-04-20
610,558,onsite,wmgac  ruir wt,118,2024-11-26
611,694,onsite,hhwxk  txbd ur,388,2023-06-16
612,150,onsite,moqzp  jxua dj,143,2024-07-04
613,672,delivery,glfef  txoc uw,112,2024-02-19
614,236,delivery,yexbf  cwgp cc,7,2023-02-23
615,268,onsite,ukqdo  euhb ny,142,2024-02-04
616,785,onsite,llxlv  zqcp xr,450,2023-03-23
617,160,delivery,uzkxe  ligr cj,167,2023-09-15
618,273,delivery,uupxy  dsgv dj,291,2024-01-26
619,240,onsite,lffzu  fbkm bm,442,2024-08-27
620,969,onsite,kpgbk  gblo tn,56,2023-08-09
621,147,delivery,qaast  rvtg zm,207,2024-10-18
622,145,onsite,kydql  jefn kg,386,2023-09-20
623,276,delivery,uwvge  ciio eo,157,2023-02-28
624,517,onsite,lypgi  qiim cq,245,2023-10-07
625,932,delivery,lozew  xhhq zl,55,2024-04-21
626,947,onsite,rrbpp  geat sv,133,2024-09-08
627,174,onsite,qarac  xiir wx,424,2023-03-14
628,946,onsite,polmj  hdwi dl,74,2023-10-04
629,845,delivery,matnd  fusy lh,332,2024-11-30
630,553,delivery,xldbb  pxhi te,326,2023-02-21
631,55,onsite,jqiot  snba cy,164,2023-01-11
632,717,delivery,eqles  halj ng,19,2023-05-09
633,317,delivery,dphus  vajo fl,499,2024-10-21
634,344,onsite,ftzgh  nlme do,369,2024-07-10
635,328,delivery,izohm  nypb zm,89,2023-07-10
636,82,delivery,whvrr  mbzs cm,324,2024-07-06
637,869,delivery,dooid  mjvt bi,347,2023-12-13
638,479,onsite,viasm  tpjz sx,265,2023-10-05
639,406,delivery,sjddc  vfxd mk,312,2024-06-23
640,350,delivery,mbrqn  eazk ra,105,2023-04-06
641,925,delivery,kvzmf  eqlc qr,326,2023-10-23
642,490,delivery,glncd  iazj kc,314,2023-03-21
643,337,onsite,djoph  dzsw qp,393,2024-05-08
644,599,delivery,tafug  pqqi bl,480,2023-08-17
645,74,delivery,bogjd  czvp hp,2,2024-05-17
646,161,delivery,qdhwa  fknq ao,448,2024-09-21
647,799,delivery,gxxgj  vixl ks,194,2023-07-05
648,764,onsite,goabk  fvip sa,342,2024-03-14
649,177,delivery,kxmez  oloc hk,228,2024-11-09
650,990,onsite,xgdhl  slhb xh,295,2023-07-17
651,313,onsite,dmyre  ovie yu,283,2023-12-19
652,346,delivery,qwpua  annp po,113,2023-05-21
653,184,delivery,wmahr  gecx if,321,2022-12-19
654,525,onsite,sjuhp  qxrw ad,368,2024-05-19
655,34,delivery,bjqbg  kbyz hf,232,2024-10-09
656,904,onsite,gietk  zjwo jy,153,2023-06-14
657,842,delivery,omlwm  udke py,83,2023-06-20
658,889,onsite,ytcmn  pnpe qe,238,2023-12-05
659,362,delivery,fbpov  ecup xp,10,2024-09-27
660,129,delivery,ijlqx  tgga cl,107,2023-09-18
661,856,delivery,chuin  bvej bf,489,2024-07-02
662,602,onsite,bemmt  inwr ii,312,2024-05-19
663,203,onsite,bbfzj  wqoy qr,246,2024-04-25
664,701,delivery,gievl  krfo ga,12,2023-07-15
665,311,onsite,zlerm  mhjt mr,68,2023-05-19
666,825,onsite,zfynd  zfaa qo,458,2024-05-21
667,52,onsite,gxzcn  pdwg be,185,2024-05-27
668,793,onsite,kevuk  osya ep,340,2024-03-30
669,807,onsite,tutbv  jjcq xj,424,2023-05-02
670,167,delivery,amysj  tgpd fr,36,2024-07-06
671,847,delivery,lwhev  nduf bj,197,2023-02-04
672,628,delivery,uiron  tjpe jg,140,2023-07-13
673,965,onsite,kfnrn  ewug wr,309,2024-09-26
674,278,delivery,hvcyq  ebcd ug,86,2023-06-04
675,469,delivery,jfhlq  tqda zt,417,2023-04-28
676,947,onsite,rizkh  wslq pl,491,2023-09-24
677,913,delivery,lkqio  efoz et,56,2023-05-01
678,38,onsite,ixgpd  hcxu hx,420,2024-04-20
679,935,onsite,eupxu  jxxt uh,228,2023-04-07
680,125,onsite,jxbfa  yssf uc,24,2023-08-29
681,52,delivery,gkzjs  ltzg om,412,2023-04-09
682,932,delivery,roxwz  wlmd zb,488,2023-06-23
683,587,delivery,pugrv  tadr bq,119,2023-04-27
684,340,delivery,wgzbo  rpfb dz,401,2023-04-04
685,312,onsite,qwfat  ewyx in,319,2023-04-24
686,400,delivery,orcgv  rylu pw,168,2023-11-26
687,542,delivery,ujnkz  kmji pm,487,2022-12-09
688,771,onsite,zdiir  sbar di,316,2024-06-17
689,763,delivery,rqqmw  odgn zn,64,2023-10-27
690,20,delivery,ivolh  enkw if,304,2024-08-05
691,416,onsite,nqvdh  jdnb xu,177,2023-03-12
692,69,delivery,kwftt  haab zb,293,2023-06-01
693,439,onsite,owewx  kuyq pc,46,2023-04-13
694,305,onsite,sexxm  hfgk we,331,2024-06-11
695,101,onsite,eelbz  dgyr uw,26,2024-01-30
696,116,delivery,fyrbf  uwvg zx,480,2022-12-16
697,181,delivery,mzsco  xmgf ht,18,2023-07-17
698,178,delivery,idmzy  mhqk zn,479,2023-07-06
699,773,onsite,fxpyy  fgzs bb,448,2024-07-08
700,30,delivery,kndyy  fmmx rz,443,2024-04-09
